UpdatedDate,ItemSku,ItemDocumentNote,ItemImageApprovalDate,ItemImageExpirationDate,ItemImageActiveDate,ItemDocumentValue,UPCTypeName,ItemPrimaryIndicator,ProductStatusnote,ProductName,MarketingName,MarketingDetails,MarketingFeatures,L6_Name,L5_Name,L4_Name,L3_Name,L2_Name,L6_Code,L5_Code,L4_Code,L3_Code,L2_Code
2021-03-15T08:30:07.300Z,19283315462,upc_img_pth_frnt,2021-01-26,2099-12-31,2021-01-19,http://static.meijer.com/Media/001/92833/0019283315462_0_A1C1_0600.png,UPCA,Y,Active,YANKEE CANDLE SIGNATURE SM TUM VNL CUPCAKE 4.3OZ  ,"Yankee Candle Signature Collection Small Tumbler Vanilla Cupcake, 4.3 Oz.","About this fragrance... The rich, creamy aroma of vanilla cupcakes with hints of lemon and lots of buttery icing.    Fragrance Notes:    Top: Vanilla Icing, Malted Sugar  Mid: Cake Batter, Chocolate  Base: Cocoa, Vanilla Bean  Top note is the initial impression of the fragrance, middle note is the main body of the scent, and base is its final impression.","Experience the Yankee Candle® brand, totally reimagined  A fresh take on our Tumbler shape features a brushed tin lid that fits neatly under the base to serve as a candle coaster  A cotton wick and a premium soy-wax blend provide a clean burn  Hand-illustrated labels and vibrant wax colors are perfectly matched with Collection-exclusive and tried-and-true fragrances to create an on-trend fit for your home",HARDLINES AND HOME,HARD HOME,CANDLES AND DECOR ACCESSORIES,CANDLES AND ACCESSORIES,CANDLES JARS SMALL 8OZ OR LESS,L6-000004,L5-000054,L4-000451,L3-003962,L2-016562
2021-03-15T08:30:07.300Z,88392962061,upc_img_pth_frnt,2018-04-26,2099-12-31,2018-04-19,http://static.meijer.com/Media/008/83929/0088392962061_0_A1C1_0600.png,UPCA,Y,Active,GAME NIGHT DVD                                    ,Game Night DVD,"Bateman & McAdams star as Max & Annie, whose weekly couples Game Night gets kicked up a notch when Max's brother (Chandler) plans a murder mystery party that turns out to be real.",DVD,HARDLINES AND HOME,ENTERTAINMENT,MEDIA,MOVIES,DVD MOVIES,L6-000004,L5-000023,L4-000201,L3-003902,L2-014194
2021-03-15T08:30:07.300Z,4549659042,upc_img_pth_frnt,2017-10-03,2099-12-31,2017-10-03,http://static.meijer.com/Media/000/45496/0004549659042_0_A1C1_0600.png,UPCA,Y,Active,SWITCH LEGEND OF ZELDA BREATH OF THE WILD         ,Nintendo Switch The Legend of Zelda: Breath of the Wild,"Forget everything you know about The Legend of Zelda games. Step into a world of discovery,  exploration, and adventure in The Legend of Zelda: Breath of the Wild, a boundary-breaking new  game in the acclaimed series. Travel across vast fields, through forests, and to mountain peaks  as you discover what has become of the kingdom of Hyrule In this stunning Open-Air Adventure.  Now on Nintendo Switch, your journey is freer and more open than ever. Take your  system anywhere, and adventure as Link any way you like.","Explore the wilds of Hyrule any way you like—anytime, anywhere  More than 100 Shrines of Trials to discover and explore  Be prepared and properly equipped  Battling enemies requires strategy  amiibo compatibility",HARDLINES AND HOME,ENTERTAINMENT,VIDEO GAMES,VIDEO GAME SOFTWARE,SFTWR CONSOLE NINTENDO,L6-000004,L5-000023,L4-000902,L3-004315,L2-017287
2021-03-15T08:30:07.300Z,63806007772,upc_img_pth_frnt,2018-08-14,2099-12-31,2018-08-13,http://static.meijer.com/Media/006/38060/0063806007772_0_A1C1_0600.png,UPCA,Y,Active,SCOTCH SUPER HOLD TAPE 198  1PK                   ,"Scotch® Super-Hold Tape 198, 3/4 in x 650 in","From sealing envelopes to making quick fixes on the fly, rely on the powerful bond of Scotch® Super-Hold Tape. Designed with 50% more adhesive, this innovative tape offers a stronger bond than our standard transparent tape (Versus Scotch® Cat. 157 Transparent Tape). The thicker backing delivers outstanding durability when a secure, lasting hold is essential. Virtually crystal clear, this tape holds strong without standing out–perfect for repairs, mounting, crafts and more. The convenient dispenser fits comfortably in your hand and lets you unroll and cut your desired amount with ease. Whether you're concealing confidential documents, sealing a small care package, trust what matters to you to the superior adhesion of Scotch® Super-Hold Tape.","Our most secure tape for your most important jobs (Compared to Scotch® ¾ Single-Sided Home and Office Tapes) Delivers a strong bond on contact Easy-to-apply design with no mess Transparent tape practically disappears on contact Reusable dispenser is compatible with Scotch® Tape Refills Safe for use on your photos Moisture-resistant formula for a reliable bond Great for use in the home, office and classroom Compatible with permanent markers for convenient labeling Size: 3/4 in x 650 in",HARDLINES AND HOME,SCHOOL HOME OFFICE,SCHOOL HOME OFFICE,MAILING AND SHIPPING SUPPLIES,STATIONERY TAPE,L6-000004,L5-000025,L4-000472,L3-002125,L2-007539
2021-10-05T05:54:21.112Z,5389114549,upc_img_pth_frnt,2021-10-04,2099-12-31,2021-09-29,http://static.meijer.com/Media/000/53891/0005389114549_1_A1C1_0600.png,UPCA,Y,Active,OSTER MYBLEND PLUS                                ,Oster Myblend Plus,"With its sleek design and powerful motor, the new Oster® MyBlend® Plus Personal Blender makes it easy to maintain a healthy lifestyle while juggling a busy schedule. The powerful, 500 watt motor blends through tough ingredients and the 20 oz. impact-resistant, dishwasher-safe sport bottle and spill-proof lid make it easy to take your favorite nutritious drinks on-the-go. With easy, one-touch operation, simply fill the reusable sport bottle with your favorite fruits and vegetables, blend to your desired consistency, and take your drinks with you to the gym, to work, or simply enjoy in your home.",20 oz. BPA-Free Tritan Sports Bottle that is Impact Resistant and Dishwasher safe. Spill-Proof Carrying Lid for easier portability 500 watts of powerful blending Removable blade attachment for easy cleaning Easy one-touch blending operation,HARDLINES AND HOME,HARD HOME,HOME ELECTRICS,KITCHEN FOOD PREP,FOOD PREP BLENDERS,L6-000004,L5-000054,L4-000449,L3-001853,L2-006801
2021-03-15T08:30:07.300Z,71981207883,upc_img_pth_frnt,2015-07-06,2099-12-31,2015-07-06,http://static.meijer.com/Media/071/98120/0719812078830_a1c1_0600.png,UPCA,Y,Active,OXO SW NO-SPILL ICE CUBE TRAY                     ,OXO Softworks No-spill Ice Cube Tray,Silicone lid seals water into tray before freezing.  Sealed lid allows for stacking and angled storage in freezer.  Comfortable handle for a firm grip while filling or carrying.  Innovative rounded ice cube shape releases easily.,No-spill Ice Cube Tray  Silicone lid  Stackable  Easy release ice cubes  Dishwasher safe  BPA free  Makes fourteen .75 oz cubes,HARDLINES AND HOME,HARD HOME,COOKWARE GADGETS,FOOD STORAGE AND BVRGWR,BEVERAGEWARE ICE TRAYS,L6-000004,L5-000054,L4-000446,L3-003959,L2-013992
2021-03-15T08:30:07.300Z,70882032091,upc_img_pth_frnt,2020-09-15,2099-12-31,2020-09-08,http://static.meijer.com/Media/007/08820/0070882032091_1_A1C1_0600.png,UPCA,Y,Active,ROOM & RETREAT 400TC SHEET SET KHAKI TWIN         ,Room & Retreat 400TC Sheet Set Khaki Twin,"Sleeps smooth and soft with these wrinkle free 100% Cotton Sateen sheets. These sheets are not only soft and luxurious, they are durable and easy to care for. A great selection of solids and patterns to complement your design style.","Wrinkle Free Deep Pocket, Fits mattress up to 19 inches Set includes: TWIN Flat sheet - 66"" x 96"" Fitted sheet - 39"" x 75"" 2 pillowcases - 20"" x 30""",HARDLINES AND HOME,HOME TEXTILES,FASHION BEDDING,SHEETS,400TC SHEETS,L6-000004,L5-000055,L4-000453,L3-003915,L2-017696
2021-10-05T05:54:21.112Z,9657700214,upc_img_pth_frnt,2021-10-04,2099-12-31,2021-10-01,http://static.meijer.com/Media/000/96577/0009657700214_1_A1C1_0600.png,UPCA,Y,Active,GRAPHIC LEVEL LOOP ASST. 2X5                      ,2X5 Graphic Level Loop,"These carpet remnants are cut from first quality wall-to-wall carpeting and cut into runner sizes. The assortment provides an opportunity to treasure hunt the rugs in each store as each store may have a different group of rugs. Great for hallways, utility rooms, laundry rooms, basements, use as a doormat for patio doors or in kitchens","Assorted colors  Bound edges  Great, economical way to add fashion to basements, utility rooms, garages and any place you need a quick flooring solution",HARDLINES AND HOME,HOME TEXTILES,LIVING ROOM,RUGS AND MATS,RUGS SCATTER,L6-000004,L5-000055,L4-000456,L3-001882,L2-013381
2021-03-15T08:30:07.300Z,1117123892,upc_img_pth_frnt,2017-10-17,2099-12-31,2017-10-16,http://static.meijer.com/Media/000/11171/0001117123892_0_A1C1_0600.png,UPCA,Y,Active,CLEAN ALL DUST & MOP DRY CLOTH REFILLS 24CT       ,Clean All Dust & Mop Cloth Refills 24ct,Includes 24 Dry Cloth Disposable Refills Refills fits Swiffer Mop!,Refills fits Swiffer Mop! Unscented and disposable. Quilted Cloth. Use for hand dusting too.,HARDLINES AND HOME,HARD HOME,HOME ORGANIZATION,CLEANING SUPPLIES,DUSTING SUPPLIES,L6-000004,L5-000054,L4-000500,L3-003971,L2-014132
2021-03-15T08:30:07.300Z,7065990674,upc_img_pth_frnt,2018-05-04,2099-12-31,2018-04-24,http://static.meijer.com/Media/000/70659/0007065990674_0_A1C1_0600.png,UPCA,Y,Active,CROCHET ERGO H                                    ,Boye Ergonomic Crochet Hook- Size H,Boye Ergo Crochet Hook in US Size H,Rubber handle is sculpted to fit securely in the crafters hand US Size H / 5mm Hook is made of aluminum,HARDLINES AND HOME,SCHOOL HOME OFFICE,CRAFTS,YARN AND ACC,YARN NEEDLES AND ACCS,L6-000004,L5-000025,L4-000905,L3-004336,L2-017568
2021-03-15T08:30:07.300Z,5150023913,upc_img_pth_frnt,2020-01-09,2099-12-31,2020-01-09,http://static.meijer.com/Media/000/51500/0005150023913_1_A1C1_0600.png,UPCA,N,Active,CRISCO REGULAR SHORTENING 16 OZ                   ,"Crisco Regular Shortening, 16 oz","For more than 115 years, the J.M. Smucker Company has been committed to offering consumers quality products that help bring families together to share memorable meals and moments.",16 oz.,GROCERY,DRY GROCERY,CONDIMENTS OILS AND VINEGAR,OILS AND SHORTENING,SHORTENING,L6-000005,L5-000059,L4-000913,L3-002654,L2-010927
2021-03-15T08:30:07.300Z,7047000596,upc_img_pth_frnt,2015-07-06,2099-12-31,2015-07-06,http://static.meijer.com/Media/007/04700/0070470005966_a1c1_0600.png,UPCA,N,Active,YOPLAIT GOGURT YGT STRAWBERRY/PUNCH 8/2 OZ        ,Yoplait Gogurt Phinneas & Ferb Summer Punch & Perry Berry Tubes,"A Healthier Way to Go! Healthy Fun: Kids love Go-Gurt® Yogurt! It's fun to eat, with games on every tube and great tasting flavors kids crave. Healthy Bodies: Every serving of Go-Gurt® Yogurt has 10% of the calcium and vitamin D your kids need.",Vitamins A & D Grade A Gluten Free Kosher Dairy Freeze n' Go: Thaws by lunch! Portable Yogurt,GROCERY,DAIRY,RBG JUICE AND YOGURT,YOGURT RFRG DAIRY,KIDS RFRG DAIRY,L6-000005,L5-000065,L4-000660,L3-002966,L2-012476
2021-03-15T08:30:07.300Z,85608200764,upc_img_pth_frnt,2020-10-07,2099-12-31,2020-09-23,http://static.meijer.com/Media/008/56082/0085608200764_1_A1C1_0600.png,UPCA,Y,Active,CALIFLOUR PIZZA ARTISAN MARGHERITA 9.25 OZ        ,"Cali'flour Artisan Margherita Pizza, 9.4 oz","A Neapolitan classic, reimagined. Delicious mozzarella, sweet basil, and juicy tomatoes top this cauliflower crust. This pizza is naturally gluten and grain free, and made with simple fresh ingredients. It has 6g net carbs per  pizza and is keto friendly.",Gluten free Grain free,GROCERY,FROZEN FOODS,FROZEN PIZZA AND SNACKS,FROZEN PIZZA,HEALTHY LIVING FRZ,L6-000005,L5-000064,L4-000671,L3-002978,L2-016841
2021-03-15T08:30:07.300Z,4223837755,upc_img_pth_frnt,2016-06-13,2099-12-31,2016-06-13,http://static.meijer.com/Media/000/42238/0004223837755_0_A1C1_0600.png,UPCA,Y,Active,HARIBO TWIN SNAKES PEG 5 OZ                       ,"Haribo Twin Snakes Gummi Candy, 5 oz","Haribo Twin Snakes Gummi Candy, 5 oz",Sweet & Sour 5 oz. Peg Bag,GROCERY,GROCERY DSD,CANDY GUM AND MINTS 2022,CANDY NONCHOCOLATE 2022,NONCHOC PEG CANDY 2022,L6-000005,L5-000076,L4-000912,L3-004357,L2-017889
2021-06-04T05:43:52.231Z,1600016961,upc_img_pth_frnt,2021-06-03,2099-12-31,2021-05-26,http://static.meijer.com/Media/000/16000/0001600016961_0_A1C1_0600.png,UPCA,Y,Active,GM TRIX FAMILY SIZE 16.1 OZ                       ,Trix Cereal,Trix Cereal is a delicious breakfast cereal for the entire family to enjoy.,6 Fruity Shapes No High Fructose Corn Syrup Good Source of Vitamin D and Calcium Box Tops for Education: Proud to support schools and teachers as an official participating product.,GROCERY,DRY GROCERY,CEREAL PANCAKE AND OATMEAL,READY TO EAT CEREAL,KIDS RTE CEREAL,L6-000005,L5-000059,L4-000624,L3-002673,L2-011022
2021-03-15T08:30:07.300Z,1411391007,upc_img_pth_frnt,2020-01-20,2099-12-31,2019-12-09,http://static.meijer.com/Media/000/14113/0001411391007_1_A1C1_0600.png,UPCA,N,Active,WONDERFUL PISTACHIOS NO SHELLS R/S 12 OZ          ,"Wonderful Pistachios, No Shells, Roasted and Salted Nuts, 12 Ounce Resealable Pouch","One 12 Ounce Resealable Pouch of our Roasted & Salted Wonderful Pistachios Without the Shell Roasted and Salted Wonderful Pistachios have literally come out of their shells. Same delicious taste, but with a little less work for you. Still great for snacking, theyre also a wonderful addition to your culinary creations. Wonderful Pistachios are a smart, healthy choice for folks around the world. Located in Californias fertile San Joaquin Valley, Wonderful Pistachios & Almonds owns, cultivates and harvests more than 75,000 acres of pistachio and almond orchards, and delivers pounds of nuts globally each year. The warm days and cool nights work in harmony with the regions natural soils to create the perfect growing climate. We then carefully tend and harvest each pistachio using the latest in sustainable practices.","One 12 Ounce Resealable Pouch of our Roasted & Salted No Shells Wonderful Pistachios. These Wonderful Pistachios have come out of their shells. We do the crackin, you do the snackin. Pistachios are a plant based protein Gluten Free Non-GMO Project Verified Kosher Certified Halal Certified THE FIT NUT: Fuel your fitness with The Fit Nut. Theyre tasty little powerhouses of heart-healthy goodness.* THE SKINNY NUT: Go ahead and indulge a little with The Skinny Nut. Known for fiber and protein, pistachios are deliciously fulfilling. THE MINDFUL NUT: Savor each moment with The Mindful Nut. Crack, relax and snack mindfully. Ohmmm. THE COLORFUL NUT: Add some color to your diet with The Colorful Nut. Fun fact: their green and red-purple hues come from vibrant antioxidants. THE HAPPY NUT: Go snack-happy with The Happy Nut. Once you crack one open, youre sure to crack a smile. *Scientific evidence suggests but does not prove that eating 1.5 ounces per day of most nuts, such as pistachios, as part of a diet low in saturated fat and cholesterol may reduce the risk of heart disease. See nutrition information for fat content.",GROCERY,GROCERY DSD,CANDY GUM AND MINTS 2022,NUTS AND SNACKS 2022,PACKAGED NUTS AND SNACKS 2022,L6-000005,L5-000076,L4-000912,L3-004365,L2-017866
2021-04-01T05:43:30.473Z,85192100671,upc_img_pth_frnt,2021-03-31,2099-12-31,2021-03-29,http://static.meijer.com/Media/008/51921/0085192100671_1_A1C1_0600.png,UPCA,Y,Active,SOLA BLUEBERRY LOW CARB BAGELS 4CT/12OZ           ,Sola Blueberry Low Carb Bagels,Keto Friendly low carb Sola Bagels has only 16 net carbs per slice plus 5 grams of protein. It's full of great bluberry flavor and is perfect for the low carb lifestyle with no compromise on taste!,Keto Frendly Low Carb Bagels,GROCERY,GROCERY DSD,BREAD AND PROTEIN SNACKS,BREAKFAST BREAD SS,TRADITIONAL BAGELS,L6-000005,L5-000076,L4-000904,L3-004086,L2-015363
2021-03-15T08:30:07.300Z,85777700421,upc_img_pth_frnt,2020-10-08,2099-12-31,2020-10-05,http://static.meijer.com/Media/008/57777/0085777700421_1_A1C1_0600.png,UPCA,Y,Active,RXBAR COCONUT CHOCOLATE 1.8 OZ                    ,Insurgent Brands Llc Rxbar Coconut Chocolate 1.83oz,"We put the [protein] bar in the coconut. Or vice versa. Made with real food ingredientssweet coconut, 100% chocolate, egg whites for protein, dates to bind and nuts for texture. This gluten-free guilt-free protein bar is a wholesome snack for a healthy lifestyle.",Gluten Free High Protein No Added Sugar,GROCERY,DRY GROCERY,CEREAL PANCAKE AND OATMEAL,PORTABLE BREAKFAST AND SNACKS,NUTRITION BARS,L6-000005,L5-000059,L4-000624,L3-002674,L2-014579
2021-08-11T06:34:46.502Z,85803400616,upc_img_pth_frnt,2021-08-10,2099-12-31,2021-07-28,http://static.meijer.com/Media/008/58034/0085803400616_0_A1C1_0600.png,UPCA,Y,Active,MAYA KAIMAL SAUCE SPICY VINDALOO 12.5 OZ          ,,,,GROCERY,DRY GROCERY,WORLD AND SPECIALTY FOODS,ASIAN FOOD,INDIAN FOOD,L6-000005,L5-000059,L4-000652,L3-002726,L2-011227
2021-09-23T05:43:21.690Z,85571200861,upc_img_pth_frnt,2021-09-22,2099-12-31,2021-09-15,http://static.meijer.com/Media/008/55712/0085571200861_0_A1C1_0600.png,UPCA,Y,Active,DOTS PRETZELS CHEESE CURLS 10.5OZ                 ,"Dot's Homestyle Baked Cheese Curls, 10.5oz",Baked Cheese Curl with our top-secret Original seasoning blend giving these Cheese Curls a cr-r-runchy undeniably amazing flavor.,Original Baked Cheese Curl,GROCERY,GROCERY DSD,COOKIE CRACKER SALTY SNACKS,OTHER SALTY SNACKS,PUFF CHEESE ONION SNACK CHIPS,L6-000005,L5-000076,L4-000629,L3-004349,L2-013661
2021-03-15T08:30:07.300Z,75450204152,upc_img_pth_frnt,2020-10-22,2099-12-31,2020-10-09,http://static.meijer.com/Media/007/54502/0075450204152_0_A1C1_0600.png,UPCA,Y,Active,COPPER FIT ELITE KNEE SLEEVE S/M                  ,"Copper Fit Elite Knee Sleeve, Small/Medium",CopperFit® Elite Knee Compression Sleeve offers strong compression to support your knee.,- Conforms to body's shape - Copper infused to reduce odor - Strong compression level,HEALTH AND BEAUTY,OTC HEALTH CARE,OTC MEDICAL COMPLIANCE,EXTERNAL ANALGESIC AND BRACES,MEDICAL BRACE AND SUPPORT,L6-000001,L5-000002,L4-000567,L3-002518,L2-010267
2021-08-29T06:43:59.800Z,7124965013,upc_img_pth_frnt,2021-08-27,2099-12-31,2021-08-24,http://static.meijer.com/Media/000/71249/0007124965013_0_A1C1_0600.png,UPCA,Y,Active,LO GLOW PARADISE BALM-IN-GLOSS FEATHERY FLEUR     ,"L'Oreal Paris Glow Paradise Lip Balm-in-Gloss with Pomegranate Extract, Feathery Fleur, 0.23 fl. oz","Take your lips to paradise with L'Oreal Paris Glow Paradise Balm-in-Gloss! Wraps lips in a silky liquid balm infused with pomegranate extract and Hyaluronic Acid to pamper lips with care. Sheer, natural color for lips so healthy-looking they glow and a visibly fresher complexion overall. Instantly lips feel moisturized, conditioned and kissably soft. Ultra-gentle, non-sticky formula is dermatologist tested for safety, allergy-tested and suitable for sensitive lips. Available in 12 buildable, dewy shades. Try it with L'Oreal Paris Glow Paradise Balm-in-Lipstick.",Suitable for sensitive lips Dermatologist tested for safety Allergy tested,HEALTH AND BEAUTY,BEAUTY CARE,COSMETICS,COSMETICS LIP,LIP GLOSS,L6-000001,L5-000001,L4-000875,L3-004224,L2-016468
2021-03-15T08:30:07.300Z,30997014304,upc_img_pth_frnt,2020-09-02,2099-12-31,2020-09-02,http://static.meijer.com/Media/003/09970/0030997014304_0_A1C1_0600.png,UPCA,Y,Active,ALMAY LENGHT & LIFT MASCARA BLACK BROWN           ,"Almay Length & Lift Mascara, Black Brown, .24 fl oz","Almay Length & Lift Mascara’s unique 100% plant-derived brush separates lashes for long-lash look. Available in 3 shades and waterproof formula. As always, ophthalmologist tested, hypoallergenic, fragrance free, clean, and cruelty free.","Enriched with blend of plant-based waxes  100% plant-derived brush separates lashes for long-lash look  Free of parabens, phthalates, oils, SLS, DMDM Hydantoin, Formaldehydes, Triclosan  As always, ophthalmologist tested, hypoallergenic, fragrance free, clean, and cruelty free  Available in 3 shades and waterproof formula",HEALTH AND BEAUTY,BEAUTY CARE,COSMETICS,COSMETICS EYE,MASCARA,L6-000001,L5-000001,L4-000875,L3-004222,L2-016452
2021-03-15T08:30:07.300Z,81851201246,upc_img_pth_frnt,2020-03-16,2099-12-31,2020-03-11,http://static.meijer.com/Media/008/18512/0081851201246_2_A1C1_0600.png,UPCA,Y,Active,SPROUT STG 2 POUCH OTML/PCH/CCNUT/MLK/PNAPL 3.5 OZ,Sprout Stage 2 Organic Baby Food Pouch Peach Oatmeal with Coconut Milk & Pineapple 3.5 oz,"Sprout Stage 2 Peach Oatmeal with Coconut Milk & Pineapple is a delicious and hearty puree made with whole, organic fruits, coconut milk, and oats. Sprout Organic Pouches are made only with USDA Certified Organic and Non-GMO ingredients and contain no concentrates, additives, preservatives, or anything artificial.  USDA Certified Organic & Non-GMO  Made with a Full Serving of Fruit  Dairy Free, Kosher, Vegan-Friendly  No Added Sugars  No Concentrates, Flavors, Colors, or Preservatives  Mess Free & perfect for on-the-go mealtimes or snacks 3.5oz CLEAR pouches so you can see what you are feeding your baby. Stage 2 baby food is ideal for babies aged 6 months and up.",6 months and up.,HEALTH AND BEAUTY,BABY,BABY,BABY FOOD TODDLER NUTRITION,BABY ORG POUCH,L6-000001,L5-000039,L4-000519,L3-002883,L2-012171
2021-03-15T08:30:07.300Z,7124962769,upc_img_pth_frnt,2020-08-25,2099-12-31,2020-08-14,http://static.meijer.com/Media/000/71249/0007124962769_0_A1C1_0600.png,UPCA,Y,Active,LO BROW STYLIST DEFINER ASH BROWN                 ,"Loreal Paris Brow Stylist Definer, Ash Brown, .003 oz","Brow Stylist® Definer makes the art of the brow easy. Shape brows with this ultra-fine tip eyebrow pencil - a perfect tool to draw tiny brow hairs and shape brows for a waterproof, well-defined look. The mechanical and retractable brow pencil with spoolie brush is used for combing and blending the perfect brow.",Ultra-fine tip waterproof mechanical eyebrow pencil comes with spoolie  Eyebrow pencil draws tiny brow hairs  Precisely defines eye brow shape  Brow Stylist Definer Waterproof Mechanical Eyebrow Pencil with soft spoolie easily blends,HEALTH AND BEAUTY,BEAUTY CARE,COSMETICS,COSMETICS EYE,EYEBROW AND EYELINER,L6-000001,L5-000001,L4-000875,L3-004222,L2-016450
2021-03-15T08:30:07.300Z,73528221276,upc_img_pth_frnt,2020-10-17,2099-12-31,2020-10-14,http://static.meijer.com/Media/007/35282/0073528221276_0_A1C1_0600.png,UPCA,Y,Active,MUNCHKIN 59S MINI STERILIZER 38287                ,Munchkin Portable UV Sterilizer,"Babies drop things in dirty places at the worst times. The portable Mini Sterilizer sanitizes pacifiers, bottle nipples, and more in under a minute so you can be on your way anywhere. The Mini Sterilizer safely eliminates 99.9% of germs, bacteria, viruses* including Coronavirus (ATCC VR-740, Strain 229E) – a seasonal strain from the same coronavirus family as COVID-19 using just UV light and has been tested by independent labs. No chemicals, heat, or water needed! The Mini Sterilizer's 4 gold-plated UV LED lights are mercury and ozone free and auto shuts-off when the lid is opened. This small device is easy to throw into (or attach to) a purse or diaper bag, so when you need it, it's right at hand. Perfect for use in the home, but extra handy for public spaces such as daycare, playgrounds, doctor's offices, airports, and more! UV light is a safe and proven method of killing bacteria that is used by hospitals to sanitize everything from operating rooms to surgical equipment. Munchkin has partnered with 59S, the leader in UV LED technology, to develop convenient, UV-based sterilizing solutions that help families with young children lead healthier lives.    *Kills Coronavirus, Influenza (flu), e. Coli, Salmonella, Staph, RSV, Kleb, and other common germs.","Kills 99.99% of bacteria & viruses from pacifiers, bottle nipples, teethers, small baby items and even retainers and mouthguards at home or on the go!  Safely kills Staph, E. coli, RSV, Salmonella, Kleb, Influenza (flu), Human Coronavirus (ATCC VR-740, Strain 229E) & other common germs. The SARS-CoV-2 strain that causes COVID-19 was not specifically tested.  Child safe UV light auto shuts-off when lid is opened  Smell the clean! Removes odor causing bacteria and sterilizes without using harmful chemicals  4 Long-Lasting Gold LED beads (instead of mercury bulbs). The device is powered via 3 AA batteries (not included) or USB wall socket (USB cable included). The USB cable powers the device, but does not charge the device. For on-the-go, use 3 AA batteries or connect USB cable to a portable power bank, car charger or laptop  Included strap easily attaches to a purse, Diaper Bag, etc.  Includes a 1-year limited warrantyKills 99.99% of bacteria & viruses from pacifiers, bottle nipples, teethers, small baby items and even retainers and mouthguards at home or on the go!  Safely kills Staph, E. coli, RSV, Salmonella, Kleb, Influenza (flu), Human Coronavirus (ATCC VR-740, Strain 229E) & other common germs. The SARS-CoV-2 strain that causes COVID-19 was not specifically tested.  Child safe UV light auto shuts-off when lid is opened  Smell the clean! Removes odor causing bacteria and sterilizes without using harmful chemicals  4 Long-Lasting Gold LED beads (instead of mercury bulbs). The device is powered via 3 AA batteries (not included) or USB wall socket (USB cable included). The USB cable powers the device, but does not charge the device. For on-the-go, use 3 AA batteries or connect USB cable to a portable power bank, car charger or laptop  Included strap easily attaches to a purse, Diaper Bag, etc.  Includes a 1-year limited warranty",HEALTH AND BEAUTY,BABY,BABY,BABY FEEDING NURSING,PACIFIERS,L6-000001,L5-000039,L4-000519,L3-004329,L2-017610
2021-03-15T08:30:07.300Z,88692651234,upc_img_pth_frnt,2020-02-05,2099-12-31,2020-02-05,http://static.meijer.com/Media/008/86926/0088692651234_2_A1C1_0600.png,UPCA,Y,Active,MEIJER BB VIT D3 1000IU SFGL 250CT                ,"Meijer Vitamin D3 1,000 IU Softgels, 250 ct","Vitamin D is an essential nutrient that works with Calcium to support bone health and assists in maintaining a healthy immune system. Vitamin D absorption decreases as we age. Does not contain artificial color, flavor, sweetener, preservatives, sugar, starch, dairy, lactose, gluten, wheat, yeast, fish or sodium.",High Potency Bone & immune health,HEALTH AND BEAUTY,OTC HEALTH CARE,OTC VITAMINS NUTRITION,VITAMINS AND SUPPLEMENTS,D VITAMIN,L6-000001,L5-000002,L4-000579,L3-002528,L2-010358
2021-03-15T08:30:07.300Z,4155453033,upc_img_pth_frnt,2015-10-14,2099-12-31,2015-10-14,http://static.meijer.com/Media/000/41554/0004155453033_0_A1C1_0600.png,UPCA,Y,Active,MAYB EE TWIN BROW / LINER PENCIL LT BROWN         ,"Maybelline® New York Expert Wear® Twin Brow & Eye Pencils Light Brown, 0.06 oz","Maybelline New York Expert Wear Twin Brow & Eye Pencils are dual-purpose pencils that shape bros and define eyes. Two pencils per pack. Long-wearing, waterproof formula.","Fills brows, lines lids  Blendable color  Waterproof, long-wearing",HEALTH AND BEAUTY,BEAUTY CARE,COSMETICS,COSMETICS EYE,EYEBROW AND EYELINER,L6-000001,L5-000001,L4-000875,L3-004222,L2-016450
2021-08-17T07:12:58.186Z,86000171964,upc_img_pth_frnt,2021-08-16,2099-12-31,2021-08-13,http://static.meijer.com/Media/008/60001/0086000171964_0_A1C1_0600.png,UPCA,Y,Active,CAMILLE ROSE MINT COND SPRAY 8OZ                  ,Camille Rose Spray,Camille Rose Spray,Camille Rose Spray,HEALTH AND BEAUTY,BEAUTY CARE,HAIR CARE,MULTICULTURAL PRODUCTS,ETHNIC HAIR CONDITIONER,L6-000001,L5-000001,L4-000550,L3-002616,L2-010751
2021-06-26T05:41:53.819Z,85648400506,upc_img_pth_frnt,2021-06-24,2099-12-31,2021-06-17,http://static.meijer.com/Media/008/56484/0085648400506_0_A1C1_0600.png,UPCA,Y,Active,SUNNY ISLE BLACK CASTOR OIL LAV 4 OZ              ,"Sunny Isle Replenish & Rejuvenate Lavender Jamaican Black Castor Oil, 4 fl oz",Sunny Isle Jamaican Black Castor Oil keeps your hair moisturized while providing softness and shine. This authentic castor oil replenishes and rejuvenates dry damaged hair back to health. It strengthens and stimulates hair growth.,"Stimulates hair growth  Stimulates eyebrow and eyelash hair growth also for thinning hair; bald spots; dry brittle damaged hair; breakage; dry itchy scalp; psoriasis; dandruff, and arthritic pain",HEALTH AND BEAUTY,BEAUTY CARE,HAIR CARE,MULTICULTURAL PRODUCTS,ETHNIC HAIR TREATMENTS,L6-000001,L5-000001,L4-000550,L3-002616,L2-010755
2021-03-15T08:30:07.300Z,1958571375,upc_img_pth_frnt,2018-06-01,2099-12-31,2018-05-23,http://static.meijer.com/Media/000/19585/0001958571375_0_A1C1_0600.png,UPCA,Y,Active,HANES SMOOTH TECH WF CROP G796 WHT M              ,HANES SMOOTH TECH WF CROP G796 WHT M,HANES SMOOTH TECH WF CROP G796 WHT M,HANES SMOOTH TECH WF CROP G796 WHT M,SOFTLINES,WOMENS,WOMENS INTIMATES,WOMENS BRAS,WIREFREE,L6-000009,L5-000047,L4-000444,L3-002765,L2-017761
2021-03-15T08:30:07.300Z,4393574181,upc_img_pth_frnt,2020-06-23,2099-12-31,2020-06-23,http://static.meijer.com/Media/000/43935/0004393574181_1_A1C1_0600.png,UPCA,Y,Active,HANES GIRL CAMI 5PK AST L                         ,"Hanes Girls' Cami Assorted 5 Pack, Large","It's perfect as a pretty first layer. It's cute on its own as well. In fact, no matter how she wears it, she'll love this camisole. After all, it's crafted for comfort, so it feels as good as it looks.","Soft, 100% cotton knit soothes her skin Tag-free neck won't itch or chafe Pre-shrunk cotton for a guaranteed fit wash after wash Looks great under clothes or for layering under a sweater or blouse Available in a convenient 5-pack",SOFTLINES,KIDS,KIDS BASICS,KIDS UNDERWEAR,CAMI UNDRSHRT GIRL UNDRWR,L6-000009,L5-000041,L4-000524,L3-002914,L2-011455
2021-03-15T08:30:07.300Z,71373334728,upc_img_pth_frnt,2015-07-06,2099-12-31,2015-07-06,http://static.meijer.com/Media/071/37333/0713733347280_a1c1_0600.png,UPCA,Y,Active,FC KID B SS HENLEY 49962 BLUE STRIPE 4T           ,"Meijer Decaffeinated House Blend Ground Coffee, 11 oz",100% Arabica beans roasted to provide mellow and sweet flavors with a smooth finish. 99.7% Caffeine Free.,100% Arabica beans. Mellow and Sweet. 99.7% Caffeine Free. Medium Roast,SOFTLINES,KIDS,NEWBORN INFANT TODDLER,TOPS NB INF TDLR,TOPS SHORT SLV KNIT BOY,L6-000009,L5-000041,L4-000522,L3-002319,L2-009132
2021-03-15T08:30:07.300Z,70882063926,upc_img_pth_frnt,2019-08-23,2099-12-31,2019-08-23,http://static.meijer.com/Media/007/08820/0070882063926_0_A1C1_0600.png,UPCA,Y,Active,MTA BASIC SPORT NO SHOW SOCK RM8034M BLK 6PR      ,"MTA Sport No Show Sock Black, 6PR",MTA Sport No Show Sock,comment size at checkout,SOFTLINES,MENS,MENS BASICS,SOCKS ATHLETIC MENS,SOCKS NO SHOW MENS,L6-000009,L5-000043,L4-000528,L3-002357,L2-009352
2021-03-15T08:30:07.300Z,61087001086,upc_img_pth_frnt,2018-08-29,2099-12-31,2018-08-29,http://static.meijer.com/Media/006/10870/0061087001086_1_A1C1_0600.png,UPCA,N,Active,CRY ROM NECK 20MM RONDELLE BLUE MJ00012NSA-S      ,Crystal Romance 20mm Halo Necklace - Crystals from Swarovski,Show stopping pendant necklace with stunning center crystal encircled by enamoring smaller crystals.  Crystals from Swarovski.,Crystals from Swarovski  Fine Silver Plated  Color: Sapphire & Crystal  20mm Halo Necklace,SOFTLINES,JEWELRY AND ACCESSORIES,BRIDGE JEWELRY,CARDED BRIDGE JEWELRY,NECKLACES SILVER PLATED,L6-000009,L5-000040,L4-000849,L3-004127,L2-015814
2021-03-15T08:30:07.300Z,70882017914,upc_img_pth_frnt,2015-07-06,2099-12-31,2015-07-06,http://static.meijer.com/Media/007/08820/0070882017914_0600.png,UPCA,Y,Active,TT POINTELLE SLEEP SHORT 49125 SPHINX 2X          ,,,,SOFTLINES,WOMENS,WOMENS SLEEPWEAR,WOMENS SLEEPWEAR,BOTTOMS SLEEP SEPARATES,L6-000009,L5-000047,L4-000424,L3-002762,L2-016960
2021-03-15T08:30:07.300Z,4529904805,upc_img_pth_frnt,2020-05-21,2099-12-31,2020-05-21,http://static.meijer.com/Media/000/45299/0004529904805_0_A1C1_0600.png,UPCA,Y,Active,LOL SURPRISE GIRL BRIEF GUP5712 7PK AST 6         ,LOL SURPRISE GIRL BRIEF GUP5712 7PK AST 6,LOL SURPRISE GIRL BRIEF GUP5712 7PK AST 6,LOL SURPRISE GIRL BRIEF GUP5712 7PK AST 6,SOFTLINES,KIDS,KIDS BASICS,KIDS UNDERWEAR,BRIEF GIRL UNDRWR,L6-000009,L5-000041,L4-000524,L3-002914,L2-011454
2021-03-15T08:30:07.300Z,19416456511,upc_img_pth_frnt,2021-01-05,2099-12-31,2021-01-05,http://static.meijer.com/Media/001/94164/0019416456511_0_A1C1_0600.png,UPCA,Y,Active,HANES 6PK CMFT FLEX MICRO LO RISE BRF CF39M6 AST L,,,,SOFTLINES,WOMENS,WOMENS INTIMATES,WOMENS PACKAGE PANTIES,PKG PNTIES BRIEFS MISSY,L6-000009,L5-000047,L4-000444,L3-002932,L2-011560
2021-03-15T08:30:07.300Z,68198377424,upc_img_pth_frnt,2020-07-28,2099-12-31,2020-07-23,http://static.meijer.com/Media/006/81983/0068198377424_0_A1C1_0600.png,UPCA,Y,Active,LANYARD RAINBOW HEARTS BLK LANYARD139-MEI         ,Silver Moon Neck Lanyard,This black with rainbow hearts neck lanyard is cute and looks good with any outfit,rainbow hearts black neck lanyard key ring fabric,SOFTLINES,JEWELRY AND ACCESSORIES,TREND JEWELRY,CARDED TREND JEWELRY,ACCESSORIES JWLRY,L6-000009,L5-000040,L4-000461,L3-002806,L2-011796
2021-03-15T08:30:07.300Z,70882062294,upc_img_pth_frnt,2019-08-23,2099-12-31,2019-08-23,http://static.meijer.com/Media/007/08820/0070882062294_0_A1C1_0600.png,UPCA,Y,Active,MTA BASIC CREW SOCK RM8041M GRY 10PR              ,"MTA Sport Crew Sock Grey, 10PR",MTA Sport Crew Sock,Comment size at checkout,SOFTLINES,MENS,MENS BASICS,SOCKS ATHLETIC MENS,SOCKS CREW MENS,L6-000009,L5-000043,L4-000528,L3-002357,L2-009350
2021-03-15T08:30:07.300Z,71928317783,upc_img_pth_frnt,2019-04-19,2099-12-31,2019-04-19,http://static.meijer.com/Media/007/19283/0071928317783_1_A1C1_0600.png,UPCA,N,Active,"MEIJER PRINTED PAPER PLATE VP 8.5"" 90CT           ","Meijer 8-5/8"" Paper Plates, 90 ct","Meijer 8-5/8"" Paper Plates, 90 Count.",Medium weight Microwave safe Grease resistant,PETS AND CONSUMABLES,CONSUMABLES,HOUSEHOLD PRODUCTS,DISPOSABLE DISHES,PREMIUM DISPOSABLE DISH,L6-000013,L5-000013,L4-000591,L3-002603,L2-010698
2021-03-15T08:30:07.300Z,4316846661,upc_img_pth_frnt,2020-04-23,2099-12-31,2020-04-20,http://static.meijer.com/Media/000/43168/0004316846661_0_A1C1_0600.png,UPCA,Y,Active,GE REFRESH HD LED 60W A15 CEILING CLEAR DIM 2PK   ,GE Refresh HD LED 60W EQ A15 Clear Ceiling Fan Daylight Dimmable Light Bulb 2-Pack,"GE High Definition bulbs are an improved, energy-saving LED that enhance the appearance of colors. Experience the difference with bolder colors and enhanced contrast vs. standard GE LED bulbs. Refresh HD light offers a cool, invigorating light perfect for energizing moments and active spaces. Use refresh HD light in playrooms, home offices and laundry rooms.",60-Watt replacement using only 6 Watts Saves $89 in energy cost vs. a 60-Watt Ceiling Fan A15 bulb over the bulb's life High definition daylight light that's dimmable Suitable for use in enclosed fixtures,PETS AND CONSUMABLES,DO IT YOURSELF,ELECTRICAL AND HOME ENVIRONMENT,LIGHT BULBS,DECO LIGHT BULBS,L6-000013,L5-000018,L4-000489,L3-003924,L2-014224
2021-03-15T08:30:07.300Z,70777319390,upc_img_pth_frnt,2020-12-04,2099-12-31,2020-12-04,http://static.meijer.com/Media/007/07773/0070777319390_1_A1C1_0600.png,UPCA,Y,Active,AC DELCO OIL FILTER PF-457G                       ,AC Delco Oil Filter,AC Delco Oil Filter PF-457G  for Specific Vehicle Applications,ACDelco Oil Filters provide the first line of defence from harmful contaminants,PETS AND CONSUMABLES,AUTOMOTIVE,AUTO CARE AND ACCESSORIES,UNDER THE HOOD,OIL FILTERS AUTOMOTIVE,L6-000013,L5-000056,L4-000603,L3-002204,L2-008037
2021-03-15T08:30:07.300Z,2310011785,upc_img_pth_frnt,2017-11-08,2099-12-31,2017-10-17,http://static.meijer.com/Media/000/23100/0002310011785_1_A1C1_0600.png,UPCA,Y,Active,SHEBA MEATY STICKS TUNA 5CT.                      ,Sheba Meaty Tender Sticks Tuna Flavor Cat Treats - 0.7 Ounces (5 Treats),"Treat your feline companion to the taste of the sea with Sheba Meaty Tender Sticks Cat Treats Tuna Flavor. Made with real meat and no artificial flavors, these cat treats are specially prepared to give your adult cat the savory ingredients they crave! Pet parents know that cats are carnivores. Your household hunter will love the delightfully soft texture and savory flavors of Sheba Meaty Tender Sticks Cat Treats. Best of all, Sheba Meaty Tender Sticks Cat Treats are individually wrapped for maximum freshness.","Contains five (5) 0.14-oz. Sheba Meaty Tender Sticks Tuna Flavor Cat Treats Sheba Meaty Tender Sticks Treats for Cats are made with real meat for a taste adult cats love These irresistible cat snacks are made with no corn, wheat, soy and no artificial flavors Each Sheba Meaty Tender Sticks Cat Treat is individually packaged for maximum freshness Feed your feline friend one Sheba Meaty Tender Sticks Cat Treat per day",PETS AND CONSUMABLES,PETS,CAT FOOD AND TREATS,CAT TREATS,MEATY CAT TREATS,L6-000013,L5-000024,L4-000911,L3-002608,L2-017407
2021-03-15T08:30:07.300Z,71928320451,upc_img_pth_frnt,2020-08-03,2099-12-31,2020-08-03,http://static.meijer.com/Media/007/19283/0071928320451_2_A1C1_0600.png,UPCA,N,Active,MEIJER ULTRA SOFT BATH TISSUE 12 MEGA             ,"Meijer Ultra Soft Mega Rolls Bath Tissue, 12 ct","Premium bath tissue that is exceptionally soft and leaves less lint behind than the leading Ultra Soft bath tissue brand. With our thick, plush and absorbent two-ply toilet paper you can expect high quality all for a value you and your family will love. Meijer bath tissue is available in mega size rolls. Each roll offers 4X more sheets than a regular roll, which results in fewer roll changes. This toilet paper is proven to be septic safe and is backed by the Meijer Quality Guarantee.","286 2-ply sheets per roll 381.3 sq ft Each sheet 4""x4""",PETS AND CONSUMABLES,CONSUMABLES,PAPER PRODUCTS,BATH TISSUE,PREMIUM TOILET PAPER,L6-000013,L5-000013,L4-000592,L3-002607,L2-017246
2021-03-15T08:30:07.300Z,71928391583,upc_img_pth_frnt,2020-09-21,2099-12-31,2020-02-26,http://static.meijer.com/Media/007/19283/0071928391583_0_A1C1_0600.png,UPCA,N,Active,LAKE & TRAIL CARBNR DOG COLLAR DARK BLUE MD       ,"Lake & Trail Blue Carabiner Collar Medium, 1 ct",Adjustable blue and rose flat braided collar that is both fashionable and comfortable. No hard edges to pull the coat and less itching and scratching. Adds a sophisticated look and gives the strength and durability required to keep your pet safe on walks. It has a blue anodized aluminum buckle that is strong and secure.,"Adjustable 14""-20"" Width 3/4""",PETS AND CONSUMABLES,PETS,PET SUPPLIES,DOG SUPPLIES,DOG COLLARS LEASHES HARNESSES,L6-000013,L5-000024,L4-000508,L3-002268,L2-008849
2021-03-15T08:30:07.300Z,5113162665,upc_img_pth_frnt,2020-11-25,2099-12-31,2020-11-25,http://static.meijer.com/Media/000/51131/0005113162665_1_A1C1_0600.png,UPCA,Y,Active,"3M INDOOR CARPET TAPE 1.5""X42FT                   ","Scotch® Double-Sided Carpet Tape, 1.5 inch x 42 feet","Scotch® Double-Sided Carpet Tape. This heavy duty, permanent tape is designed for rough surfaces. Features a heavy-duty adhesive designed for permanent use on concrete and subfloors. Ideal for applications where there are no plans to change flooring in the future.",For foam back carpet and rubber back rugs. Keeps area rugs from slipping on smooth surface. Secures carpets to rough surfaces. Available in a variety of lengths and widths to suit many projects.,PETS AND CONSUMABLES,DO IT YOURSELF,HARDWARE,BASIC HARDWARE,HOOK AND LOOP FASTENERS,L6-000013,L5-000018,L4-000488,L3-002209,L2-017731
2021-03-15T08:30:07.300Z,71928392186,upc_img_pth_frnt,2019-08-07,2099-12-31,2015-07-06,http://static.meijer.com/Media/007/19283/0071928392186_0_A1C1_0600.png,UPCA,N,Active,MEIJER DOG COLLAR REF ADJ PURPLE MED              ,"Meijer Adjustable Dog Collar, Reflective, Purple, Medium","Durable nylon webbing that is adjustable and is reflective. Fits neck sizes 11"" - 20"".","5/8"" Durable nylon webbing Adjusts 11""-20""",PETS AND CONSUMABLES,PETS,PET SUPPLIES,DOG SUPPLIES,DOG COLLARS LEASHES HARNESSES,L6-000013,L5-000024,L4-000508,L3-002268,L2-008849
2021-03-15T08:30:07.300Z,7734135710,upc_img_pth_frnt,2020-10-01,2099-12-31,2020-10-01,http://static.meijer.com/Media/000/77341/0007734135710_1_A1C1_0600.png,UPCA,Y,Active,CUSTOM ACCESS BLACK/WOOD/CHROME SWC               ,Custom Grip Black Wood Grain Chrome Steering Wheel Cover,"Soft leatherette with wood grain and chrome accents adds a classic style to any steering wheel.  Molded core allows for simple installation. Protects most steering wheels between 14-1/2"" to 15-1/2"" in diameter.","""Cover your vehicles' steering wheel to add both comfort and fashion in all weather conditions    Universal fit design fits steering wheel from 14-/2"""" to 15-1/2""""    Soft black leatherette material and wood grain adds classic style to any vehicle    Molded core provides simple three-step installation""",PETS AND CONSUMABLES,AUTOMOTIVE,AUTO CARE AND ACCESSORIES,INTERIOR CAR ACCESSORIES,STEERING WHEEL COVERS AUTO,L6-000013,L5-000056,L4-000603,L3-002202,L2-008023
2021-03-15T08:30:07.300Z,88692618878,upc_img_pth_frnt,2015-07-06,2099-12-31,2015-07-06,http://static.meijer.com/Media/088/69261/0886926188783_a1c1_0600.png,UPCA,Y,Active,MEIJER MC BULK RC PIG EARS 13CT PDQ               ,"Meijer 3.5"" Real Pig Ears, 13 ct",Let your dog know they've been good with these real pig ears!  These savory natural chews are processed in the USA and satisfies your dog's natural instinct to chew.,13 ct,PETS AND CONSUMABLES,PETS,DOG FOOD AND TREATS,DOG RAWHIDE,NATURAL CHEWS,L6-000013,L5-000024,L4-000593,L3-002269,L2-017718
2021-03-15T08:30:07.300Z,7432912339,upc_img_pth_frnt,2021-02-12,2099-12-31,2021-02-10,http://static.meijer.com/Media/000/74329/0007432912339_0_A1C1_0600.png,GUPA,N,Active,OH SNAP! HOT N SPICY 3.5 OZ                       ,"OH Snap! Hottie Bites Pickle, 3.25 oz","OH SNAP! Hottie Bites are the perfect grab and go, better-for-you snack! Fresh packed in single-serve pouches with no added brine for ultimate convenience, all OH SNAP! varieties are gluten-free, fat-free and made with non-GMO veggies for a delicious healthy snack alternative. The pickles are refrigerated for a cool, crispy and crunchy texture.",OH Snap! Hottie Bites Pickle,GAS STATION,CONVENIENCE STORE,CONVENIENCE STORE,FOOD SERVICE,GRAB AND GO FOOD SERVICE,L6-000003,L5-000108,L4-000848,L3-004114,L2-015834
2021-03-15T08:30:07.300Z,2200002036,upc_img_pth_frnt,2019-04-04,2099-12-31,2019-04-04,http://static.meijer.com/Media/000/22000/0002200002036_0_A1C1_0600.png,GUPA,N,Active,EXTRA MEGA PEPPERMINT 35 STK                      ,"Extra Peppermint Gum, 35 ct","EXTRA knows: When you give EXTRA, you get EXTRA. With 35 pieces in each mega pack of Extra Peppermint Sugarfree Gum, you have unlimited ways to share the joy of your favorite chewing gum. EXTRA Peppermint Sugarfree Gum gives you long-lasting flavor for any occasion. Give a piece to your co-pilot on your next road trip, stock up with this bulk pack for the office or hand it out to your party guests when they need something fresh to get the night started. From first dates to 50th anniversaries, enjoy incredibly fresh breath with this delicious chewing gum. Chew EXTRA Peppermint Gum for a delicious way to help you stay focused for big tests or spread the love by sharing a pack with your study group. Find crisp, invigorating refreshment from head to toe with EXTRA Peppermint Gum.",Contains one (1) 35-stick mega pack of EXTRA Peppermint Sugarfree Gum A refreshing burst of bold peppermint flavor Experience long-lasting flavor on the road with individually wrapped sticks of gum Stay focused for tests and big presentations with delicious peppermint gum Celebrate life's little moments with EXTRA Sugarfree Gum,GAS STATION,CONVENIENCE STORE,CONVENIENCE STORE,SNACKS,CANDY GUM,L6-000003,L5-000108,L4-000848,L3-004116,L2-014960
2021-03-15T08:30:07.300Z,7922305610,upc_img_pth_frnt,2018-11-19,2099-12-31,2018-08-08,http://static.meijer.com/Media/000/79223/0007922305610_0_A1C1_0600.png,GUPA,N,Active,MIDWEST CAN GAS CAN AUTO SHUTOFF 5 GALLON         ,Midwest Can Company - 5 Gallon Gas Can,5 Gallon Gas Can,"Made of durable HDPE with barrier materials to virtually eliminate hydrocarbon emissions. Holds 5 gallon, (20 liters), of your gas and oil mixes and exceeds California Air Resource Board (CARB) and EPA requirements for portable fuel containers.    The 5600 was designed with two (2) handles for easier use and handling. In addition, this can was built with a wider base and lower center of gravity to reduce the chance of a can tipping over and if it does; our spouts close automatically with an airtight seal.",GAS STATION,CONVENIENCE STORE,CONVENIENCE STORE,GENERAL MERCHANDISE,AUTO GAS CAN,L6-000003,L5-000108,L4-000848,L3-004115,L2-014947
2021-03-15T08:30:07.300Z,4000000105,upc_img_pth_frnt,2019-11-14,2099-12-31,2019-11-14,http://static.meijer.com/Media/000/40000/0004000000105_3_A1C1_0600.png,GUPA,N,Active,SNICKERS ALMOND BAR SINGLE 1.76 OZ                ,"Snickers Almond Singles Size Chocolate Candy Bar, 1.76 oz","Satisfaction, but with more crunch. Almond crunch, to be specific. Snickers Almond Full Size Candy Bars are the perfect combination of almonds, caramel, nougat and milk chocolate to both satisfy and conquer hunger. Share the delicious taste of Snickers Candy with friends, family and coworkers. Stock the office pantry for a tasty afternoon treat, or put Snickers Almond Candy in gift baskets. You can also pass them out as Halloween candy. Curb your hunger before it curbs you with Snickers Chocolate.","Contains one 1.76-ounce bar Made with almonds, nougat, caramel and milk chocolate These full-sized candy bars are great for gift baskets and candy buffets Snickers Bars with crunchy almonds are great for sharing with family, friends and the office Conquer hunger with Snickers Candy because you're not you when you're hungry",GAS STATION,CONVENIENCE STORE,CONVENIENCE STORE,SNACKS,CANDY REGULAR,L6-000003,L5-000108,L4-000848,L3-004116,L2-014963
2021-03-15T08:30:07.300Z,489406732033,upc_img_pth_frnt,2019-04-29,2099-12-31,2015-09-18,http://static.meijer.com/Media/048/94067/0489406732033_1_A1C1_0600.png,GEAN,N,Active,JUSTIN CASE BOOSTER CABLES 8 GAUGE 12 FT          ,"Justin Case 12 Ft, 8 Gauge Booster Cables","Justin Case 12 Ft, 8 Gauge Booster Cables","Includes 365 days of Roadside Assistance! Ideal for use with mid-sized cars, light pickup trucks, and light recreational vehicles.  - 12ft, 8 gauge  - Heavy Duty  - Fits top & side mount battery posts  - No kink, tangle-free, extra flexible for ease of use, resists oil, gas, and acid, reliable & strong & SAE",GAS STATION,CONVENIENCE STORE,CONVENIENCE STORE,GENERAL MERCHANDISE,AUTO PEGGED,L6-000003,L5-000108,L4-000848,L3-004115,L2-014949
2021-03-15T08:30:07.300Z,4125062066,upc_img_pth_frnt,2021-02-12,2099-12-31,2021-02-11,http://static.meijer.com/Media/000/41250/0004125062066_1_A1C1_0600.png,GUPA,N,Active,MEIJER CONVENTIONAL 30 WT OIL QUART               ,Meijer SAE 30 Conventional Motor Oil Quart,A high quality single grade oil.,"API Service Rating: SL, SJ, SH Avoid prolonged contact with used motor oil. After contact, wash skin thoroughly with soap and water. KEEP OUT OF REACH OF CHILDREN AND ANIMALS",GAS STATION,CONVENIENCE STORE,CONVENIENCE STORE,GENERAL MERCHANDISE,AUTO MOTOR OIL,L6-000003,L5-000108,L4-000848,L3-004115,L2-014948
2021-09-14T06:02:45.064Z,79356901236,upc_img_pth_frnt,2021-09-13,2099-12-31,2021-09-13,http://static.meijer.com/Media/007/93569/0079356901236_0_A1C1_0600.png,GUPA,N,Active,COOL CRISP KOSHER DILL CHIPS 32 OZ                ,COOL CRISP PICKLE KOSHER DILL CHIP 32 OZ,"A Five-Generation Homemade recipe is handcrafted bring just the right amount of crisp crunch and delicious Zesty flavor to your favorite meal. Always chilled and never heated, for a Cool Crisp bold crunch. For easy and convenient storage, the Kosher flavored pickles come in a resealable 32 ounce jar. This Zero-Calorie, low carb pickle made with Dill, Garlic, and secret spices are perfect for snacking or enjoying alongside a sandwich.",COOL CRISP PICKLE KOSHER DILL CHIP 32 OZ,GAS STATION,CONVENIENCE STORE,CONVENIENCE STORE,FOOD SERVICE,INGREDIENTS AND PACKAGING,L6-000003,L5-000108,L4-000848,L3-004114,L2-017325
2021-03-15T08:30:07.300Z,4125020088,upc_img_pth_frnt,2018-05-24,2099-12-31,2018-05-24,http://static.meijer.com/Media/000/41250/0004125020088_2_A1C1_0600.png,GUPA,N,ActiveNR,MEIJER DONUT HOLE CAKE ASSORTED 14 OZ             ,"Meijer Cake Donut Hole, Assorted, 14 oz","Meijer Cake Donut Hole, Assorted, 14 oz",Cake Donut Hole,GAS STATION,CONVENIENCE STORE,CONVENIENCE STORE,FOOD SERVICE,BULK BAKED GOODS,L6-000003,L5-000108,L4-000848,L3-004114,L2-014953
2021-03-15T08:30:07.300Z,85658400423,upc_img_pth_frnt,2020-05-14,2099-12-31,2020-05-06,http://static.meijer.com/Media/008/56584/0085658400423_1_A1C1_0600.png,GUPA,N,Active,CHOMPS VENISON PEPPER SALT SNACK STICK 1.15 OZ    ,Chomps venison stick pepper salt 1.15oz,Venison grass fed meat stick,Paleo  Gluten free  Whole 30 approved  Zero sugar  High protein,GAS STATION,CONVENIENCE STORE,CONVENIENCE STORE,SNACKS,MEAT SNACK,L6-000003,L5-000108,L4-000848,L3-004116,L2-015017
2021-03-15T08:30:07.300Z,4980710823,upc_img_pth_frnt,2015-07-06,2099-12-31,2015-07-06,http://static.meijer.com/Media/004/98071/0049807108236_a1c1_0600.png,GUPA,N,Active,LUCAS POWER STEERING FLUID 12 OZ                  ,Lucas Power Steering Fluid,Lucas Power Steering Fluid Lubricates and Stops wear,Power Steering Fluid Lubricates and Stops wearer Steering Fluid,GAS STATION,CONVENIENCE STORE,CONVENIENCE STORE,GENERAL MERCHANDISE,AUTO CHEMICALS,L6-000003,L5-000108,L4-000848,L3-004115,L2-014946
2021-03-15T08:30:07.300Z,64336211012,upc_img_pth_frnt,2021-02-05,2099-12-31,2021-02-03,http://static.meijer.com/Media/006/43362/0064336211012_0_A1C1_0600.png,UPCA,Y,Active,EARTHY DELIGHTS DRIED HEN OF THE WOODS MSHRM 1 OZ ,"Earthy Delights Dried Hen of Woods Mushrooms, 1 oz",Earthy Delights Dried Hen of Woods Mushrooms,Earthy Delights Dried Hen of Woods Mushrooms 1 oz,FRESH,PRODUCE,SALADS MUSHROOMS DRESSINGS,MUSHROOMS,DRIED MUSHROOMS,L6-000014,L5-000015,L4-000745,L3-003116,L2-017083
2021-03-15T08:30:07.300Z,5450010174,upc_img_pth_frnt,2019-01-22,2099-12-31,2019-01-22,http://static.meijer.com/Media/000/54500/0005450010174_2_A1C1_0600.png,UPCA,Y,Active,BALL PARK FRANKS BEEF ANGUS BUNSIZE 8/1 14 OZ     ,"Ball Park® Angus Beef Hot Dogs, Bunsize Length, 8 Count","Taste how 100% Angus Beef turns a great hot dog into a grill-worthy masterpiece. Ball Park® Bun Size Length Angus Beef Hot Dogs are made with 100% Angus Beef and no added nitrites or nitrates*, no by-products or fillers, and no artificial flavors or colors. Each pack includes 8 hot dogs. Ball Park® Brand was born on a warm summer's day at Detroit Tiger's Stadium in 1957. Maybe that's why Ball Park® Brand and summer go hand-in-hand. Over 60 years later, they're not just burgers and hot dogs, they're a summer tradition. Whether it's the roar of the stadium, the sizzle of the grill, or the smell of the backyard cookout, there's something about Ball Park® Brand that just tastes likes summer, no matter what the season. So fire up the grill, invite over family and friends, and Bring On Summer™ with Ball Park® Brand.    *Except those naturally occurring in sea salt and celery juice powder","One pack of 8 Bunsize Length Angus Beef Hot Dogs  Made with 100% Angus Beef  No added nitrites or nitrates, except for those naturally occurring in sea salt and celery juice powder  No by-products or fillers  No artificial colors or flavors  Perfect for cookouts and barbecues",FRESH,PACKAGED MEAT,PACKAGED MEAT,FRANKS,FRANKS BEEF,L6-000014,L5-000068,L4-000689,L3-003026,L2-012800
2021-03-15T08:30:07.300Z,5783602261,upc_img_pth_frnt,2020-06-16,2099-12-31,2020-06-16,http://static.meijer.com/Media/000/57836/0005783602261_1_A1C1_0600.png,UPCA,Y,Active,HONEY BOMBS TOMATOES 12 OZ                        ,"Honey Bombs Tomatoes, 12 oz",Sweet Honey-Crunch Flavor.,Golden Sweet Tomatoes on the Vine USA Grown,FRESH,PRODUCE,TOMATOES,TOMATOES,GRAPE AND CHERRY TOMATOES,L6-000014,L5-000015,L4-000749,L3-003132,L2-013340
2021-03-15T08:30:07.300Z,3740702107,upc_img_pth_frnt,2018-07-17,2099-12-31,2018-07-17,http://static.meijer.com/Media/000/37407/0003740702107_0_A1C1_0600.png,UPCA,N,Active,BREAD 9 GRAIN & SEED SLICED                       ,9 Grain & Seed Sliced Bread,9 Grain & Seed Sliced Bread,9 Grain & Seed Sliced Bread,FRESH,BAKERY,BAKERY BREADS AND CAKES,BAKERY BREADS ROLLS BAGELS,BREADS DTL FRZ BAKERY,L6-000014,L5-000017,L4-000695,L3-003038,L2-012900
2022-08-05T05:45:34.536Z,70882026467,upc_img_pth_frnt,2022-08-04,2099-12-31,2022-08-04,http://static.meijer.com/Media/007/08820/0070882026467_3_A1C1_0600.png,UPCA,Y,Active,CRAFTED MARKET SPAGHETTI BEEF MEATBALLS           ,Crafted Market by Meijer Spaghetti and Beef Meatballs 12 oz,"A busy day doesnt have to mean a boring meal. Enjoy delicious flavors wherever life takes you with our Spaghetti and Beef Meatballs. An irresistible mix of Italian-style beef meatballs and marinara sauce in a ready-made meal, each bite is packed with mouthwatering flavors to keep you powered throughout the day.",Crafted Market by Meijer Spaghetti and Beef Meatballs 12 oz,FRESH,DELI,DELI RESTAURANT GRAB AND GO,DELI GRAB AND GO MEALS,REP2 DTL FRESH MEALS,L6-000014,L5-000016,L4-000869,L3-003146,L2-015335
2021-03-15T08:30:07.300Z,2400050787,upc_img_pth_frnt,2015-07-06,2099-12-31,2015-07-06,http://static.meijer.com/Media/000/24000/0002400050787_0600.png,UPCA,Y,Active,DEL MONTE FRUIT NAT CUP PEACH 7 OZ                ,"Del Monte Fruit Naturals Yellow Cling Peach Chunks in Extra Light Syrup, 7 oz",Del Monte Fruit Naturals Yellow Cling Peaches. Great when used as a topping for yogurt and ice cream. Del Monte quality and freshness for wherever your day takes you.,"Packed at the peak of freshness Yellow Cling Peaches Sweet, rich peach flavor Rich Source of Vitamin C Great as a snack on-the-go",FRESH,PRODUCE,FRESH CUT PRODUCE,FRESH CUT FRUIT,FRUIT SNACKING,L6-000014,L5-000015,L4-000742,L3-003124,L2-017954
2021-03-15T08:30:07.300Z,21278600000,upc_img_pth_frnt,2020-05-14,2099-12-31,2020-05-14,http://static.meijer.com/Media/002/12786/0021278600000_0_A1C1_0600.png,UPCA,Y,Active,SALAD PASTA STEAK 2/5LB                           ,Steakhouse Pasta Salad,"Pasta salad mixed in a creamy sauce and tossed with bacon, red bell pepper and chives. Sure to be a hit at your next summer picnic!",Available in the Deli.,FRESH,DELI,DELI SALADS,DELI SERVICE ENTREE SIDE SALAD,REP2 SUM FRSH PROTN SALAD DELI,L6-000014,L5-000016,L4-000710,L3-003069,L2-013438
2022-11-09T06:48:49.389Z,70882002471,upc_img_pth_frnt,2022-11-08,2099-12-31,2022-11-08,http://static.meijer.com/Media/007/08820/0070882002471_0_A1C1_0600.png,UPCA,Y,Active,"PIE CHERRY 8""                                     ","Fresh from Meijer 8"" Cherry Pie, 24 oz",Flaky pie crust with a smooth cherry filling.,Ready to Eat,FRESH,BAKERY,BAKERY DESSERTS,BAKERY PIES,FRUIT PIES DTL FRZ BAKERY,L6-000014,L5-000017,L4-000697,L3-003044,L2-012946
2021-03-15T08:30:07.300Z,21784400000,upc_img_pth_frnt,2018-05-11,2099-12-31,2018-05-11,http://static.meijer.com/Media/002/17844/0021784400000_2_A1C1_0600.png,UPCA,Y,Active,MEIJER SALAD GOURMET CHICKEN LB                   ,Fresh from Meijer Gourmet Chicken Salad,"Incorporate refreshing, new flavors into your next meal with Fresh from Meijer Gourmet Chicken Salad. This beautiful blend of tender chicken and vegetables in a creamy dressing is perfect to eat as is, served on a bed of lettuce or made into thick sandwiches. With its crowd-pleasing flavors, this classic salad is fantastic for cookouts, family dinners and anything in-between. Make mealtime easy with this ready-to-eat salad!",Gourmet Chicken Salad Pay per Pound,FRESH,DELI,DELI SALADS,DELI SERVICE ENTREE SIDE SALAD,REP2 SUM FRSH PROTN SALAD DELI,L6-000014,L5-000016,L4-000710,L3-003069,L2-013438
2022-01-01T06:41:37.673Z,7146402280,upc_img_pth_frnt,2021-12-31,2099-12-31,2021-12-31,http://static.meijer.com/Media/000/71464/0007146402280_0_A1C1_0600.png,UPCA,Y,Active,BHF YOGURT DRESSING HONEY BBQ 12 OZ               ,"Bolthouse Farms Yogurt Dressing, Honey BBQ, 12 oz","We started with classic ranch creaminess and expertly blended in a sweet & tangy BBQ flavor! This dressing is everything you love about your two favorite flavors. Great for salads, over pizza, chicken, and as a dip.",No Artificial Preservatives No Artificial Colors No Artificial Flavors Gluten Free Made With Yogurt Kosher Dairy,FRESH,PRODUCE,REFRIGERATED BEV AND DRESSINGS,DRESSINGS DIPS RFRG,DRESSINGS RFRG PRODUCE,L6-000014,L5-000015,L4-000690,L3-003108,L2-013257
2021-03-15T08:30:07.300Z,38290844003,upc_img_pth_frnt,2015-07-06,2099-12-31,2015-07-06,http://static.meijer.com/Media/003/82908/0038290844003_0600.png,UPCA,Y,Active,"BD UF 0.3CC 31GX5/16"" 1/2UNIT-CF/DC90 ONLY        ",,,,PRESCRIPTIONS,PRESCRIPTIONS,PRESCRIPTIONS,PHARMACY SYRINGES,PHARMACY SYRINGES,L6-000020,L5-000011,L4-000771,L3-003842,L2-014542
2021-03-15T08:30:07.300Z,71373330351,upc_img_pth_frnt,2015-07-06,2099-12-31,2015-07-06,http://static.meijer.com/Media/071/37333/0713733303514_a1c1_0600.png,NDC,N,ActiveNR,MEIJER FACIAL MOISTURIZING LOTION 473ML           ,"Meijer Moisture Lotion, Fragrance Free, 16 oz","Our fragrance free moisturizing lotion has been formulated specifically for chronic dry, sensitive skin. It contains a unique blend of extra-strength emollients and humectants that moisturize dry skin and help prevent moisture loss. Provides long-lasting hydration to even sever dry skin.","Non irritating, lightweight formula for all skin types No parabens",PRESCRIPTIONS,PRESCRIPTIONS,PRESCRIPTIONS,OTC THIRD PARTY BILLING,OTC THIRD PARTY BILLING,L6-000020,L5-000011,L4-000771,L3-003839,L2-013771
2021-03-15T08:30:07.300Z,4116743106,upc_img_pth_frnt,2015-07-06,2099-12-31,2015-07-06,http://static.meijer.com/Media/000/41167/0004116743106_0600.png,UPCA,Y,Active,ALLEGRA D 12HR TAB 30 CT                          ,,,,PRESCRIPTIONS,PRESCRIPTIONS,RESTRICTED OTC,RESTRICTED OTC,ALLERGY REMEDY,L6-000020,L5-000011,L4-000772,L3-003843,L2-013777
2021-03-15T08:30:07.300Z,76023619748,upc_img_pth_frnt,2015-07-06,2099-12-31,2015-07-06,http://static.meijer.com/Media/076/02361/0760236197485_a1r1_0600.png,NDC,N,ActiveNR,MEIJER CENTURY WOMENS ULTRA VIT                   ,"Meijer Complete Women Under 50 Multivitamin, 120ct","Compare to Centrum Women ingredients Nutritional support with important nutrients for men Complete with 30 Nutrients Energy Production** Immune Support** Metabolism Support** Skin, Hair & Nail Health** ** These statements have not been evaluated by the Food and Drug Administration. This product is not intended to diagnose, treat, cure, or prevent any disease.",Quality tested Gluten Free,PRESCRIPTIONS,PRESCRIPTIONS,PRESCRIPTIONS,OTC THIRD PARTY BILLING,OTC THIRD PARTY BILLING,L6-000020,L5-000011,L4-000771,L3-003839,L2-013771
2021-03-15T08:30:07.300Z,71928319407,upc_img_pth_frnt,2015-07-06,2099-12-31,2015-07-06,http://static.meijer.com/Media/007/19283/0071928319407_0600.png,NDC,N,Active,MEIJER CETIRIZINE D-12HR TAB 12 CT P-150          ,,,,PRESCRIPTIONS,PRESCRIPTIONS,RESTRICTED OTC,RESTRICTED OTC,ALLERGY REMEDY,L6-000020,L5-000011,L4-000772,L3-003843,L2-013777
2021-03-15T08:30:07.300Z,4125052533,upc_img_pth_frnt,2015-07-06,2099-12-31,2015-07-06,http://static.meijer.com/Media/004/12505/0041250525332_a1c1_0600.png,NDC,N,ActiveNR,MEIJER PETROLEUM JELLY                            ,"Meijer Pure Petroleum Jelly, 7.5 oz","Meijer Pure Petroleum Jelly has multiple uses. Can help heal, and lock in moisture for dry skin. Can be used to remove eye makeup or use as a barrier to prevent skin stains from hair dye. Also works to prevent diaper rash.",Skin Protectant  Compare to Vaseline petroleum jelly,PRESCRIPTIONS,PRESCRIPTIONS,PRESCRIPTIONS,OTC THIRD PARTY BILLING,OTC THIRD PARTY BILLING,L6-000020,L5-000011,L4-000771,L3-003839,L2-013771
2021-03-15T08:30:07.300Z,70414200007,upc_img_pth_frnt,2019-11-07,2099-12-31,2019-11-07,http://static.meijer.com/Media/007/04142/0070414200007_1_A1C1_0600.png,NDC,N,ActiveNR,FLORASTOR 250MG CAP                               ,"Florastor 250mg Intestinal Dietary Supplement, 50 ct",Promotes and maintains intestinal health.  The #1 Probiotic Worldwide.,50 Vegetarian Capsules,PRESCRIPTIONS,PRESCRIPTIONS,PRESCRIPTIONS,OTC THIRD PARTY BILLING,OTC THIRD PARTY BILLING,L6-000020,L5-000011,L4-000771,L3-003839,L2-013771
2021-03-15T08:30:07.300Z,4125056427,upc_img_pth_frnt,2015-07-06,2099-12-31,2015-07-06,http://static.meijer.com/Media/000/41250/0004125056427_0600.png,NDC,N,ActiveNR,MEIJER NAT B-6 VIT 100MG                          ,"Meijer Vitamin B6 100mg Tablets, 100 ct","Vitamin B6 supports energy production, plays a role in heart health by promoting healthy homocysteine levels already within a normal range & also supports nervous system health. It has no artificial color, flavor, sweetener or preservatives, sugar, starch, dairy, lactose, soy, gluten, wheat, yeast, fish or sodium.","No artificial color, flavor, sweetener, preservatives No sugar, starch, dairy, lactose No soy, gluten, wheat, yeast No fish, sodium",PRESCRIPTIONS,PRESCRIPTIONS,PRESCRIPTIONS,OTC THIRD PARTY BILLING,OTC THIRD PARTY BILLING,L6-000020,L5-000011,L4-000771,L3-003839,L2-013771
2021-03-15T08:30:07.300Z,71373320204,upc_img_pth_frnt,2019-02-19,2099-12-31,2017-03-24,http://static.meijer.com/Media/007/13733/0071373320204_1_A1C1_0600.png,NDC,N,ActiveNR,FISH OIL ENT 1400MG CAP-MJ                        ,"Meijer Fish Oil Enteric coated 1400 mg, 120 ct","Omega-3 fatty acids are beneficial for joint health and may help maintain triglyceride levels already within the normal range.** Omega-3 fatty acids are necessary for many vital functions in the body and have been shown to support heart, skin and joint health.** Fish oil contains EPA and DHA, which help support and maintain a healthy cardiovascular system.** **These statements have not been evaluated by the Food and Drug Administration. This product is not intended to diagnose, treat, cure, or prevent any disease.",900 mg total omega-3 per softgel Enteric coated to help control fishy burps Gluten free,PRESCRIPTIONS,PRESCRIPTIONS,PRESCRIPTIONS,OTC THIRD PARTY BILLING,OTC THIRD PARTY BILLING,L6-000020,L5-000011,L4-000771,L3-003839,L2-013771
2021-03-15T08:30:07.300Z,88692647395,upc_img_pth_frnt,2020-01-28,2099-12-31,2020-01-28,http://static.meijer.com/Media/008/86926/0088692647395_2_A1C1_0600.png,NDC,N,ActiveNR,MJ HERB HORSE CHESTNUT 300MG CAP                  ,"Meijer Herbal Horse Chestnut Extract 300 mg Capsules, 60 ct",Meijer Herbal Horse Chestnut Extract 300 mg Capsules.,General Health Dietary Supplement,PRESCRIPTIONS,PRESCRIPTIONS,PRESCRIPTIONS,OTC THIRD PARTY BILLING,OTC THIRD PARTY BILLING,L6-000020,L5-000011,L4-000771,L3-003839,L2-013771
